Phrase,Relevancy,Ranking Juice,Search Volume
bamboo cutting board,0.95,85000,12500
cutting board set,0.92,78000,9800
wood cutting board,0.88,72000,8500
chopping board,0.85,68000,7200
kitchen cutting board,0.82,65000,6800
large cutting board,0.78,58000,5500
butcher block,0.75,52000,4800
meat cutting board,0.72,48000,4200
vegetable cutting board,0.68,42000,3800
cutting board with handle,0.65,38000,3500
wooden chopping board,0.62,35000,3200
bamboo chopping board,0.58,32000,2900
cutting board for kitchen,0.55,28000,2600
organic bamboo board,0.52,25000,2400
eco friendly cutting board,0.48,22000,2100
food prep board,0.45,19000,1900
carving board,0.42,17000,1700
serving board,0.40,15000,1500
bread cutting board,0.38,13000,1400
cheese board,0.36,12000,1300
fruit cutting board,0.35,11000,1200
meal prep cutting board,0.34,10500,1150
professional cutting board,0.33,10000,1100
restaurant cutting board,0.32,9500,1050
heavy duty cutting board,0.31,9000,1000
durable cutting board,0.30,8500,950
easy clean cutting board,0.29,8000,900
dishwasher safe board,0.28,7500,850
knife friendly board,0.27,7000,800
non slip cutting board,0.26,6500,750
grip cutting board,0.25,6000,700
reversible cutting board,0.24,5500,650
two sided cutting board,0.23,5000,600
juice groove board,0.22,4500,550
drip groove cutting board,0.21,4000,500
antibacterial board,0.20,3800,480
hygienic cutting board,0.19,3600,460
food safe board,0.18,3400,440
bpa free board,0.17,3200,420
premium cutting board,0.16,3000,400
luxury cutting board,0.15,2800,380
gift cutting board,0.14,2600,360
housewarming gift board,0.13,2400,340
wedding gift cutting board,0.12,2200,320
chef cutting board,0.11,2000,300
